{
    "elements": [
    {
      "id": 0,
      "nodes": [
        0,
        1,
        12
      ]
    },
    {
      "id": 1,
      "nodes": [
        0,
        11,
        12
      ]
    }
],
"nodes": [
    {
      "id": 0,
      "x": 0.0,
      "y": 0.0
    },
    {
      "id": 1,
      "x": 0.0,
      "y": 1.0
    }
],
"values": [
    {
      "element_id": 0,
      "value": 0.15154957113761364
    },
    {
      "element_id": 1,
      "value": 0.4320398994069125
    }
]
}